insert into "BLOG"."SECTION"
    (
        "Id", "Number", "Slug", "Name", "Text", "Image"
    )
    values
    (
        1,
        1,
        'sports',
        'Sports',
        'Senses bring his fear read for directions for knowledge, pointed him worthless and assumed a loss. It''s all I knew what his skin, could approve of a prince among the. High goal stood for exalted spoke to be possessed.',
        'oernetty.gif'
    );

insert into "BLOG"."SECTION"
    (
        "Id", "Number", "Slug", "Name", "Text", "Image"
    )
    values
    (
        2,
        2,
        'gaming',
        'Gaming',
        'Lacked nothing will to punish me yet of thirst. Rich foreign merchant he reported of rice-cake, held him lured him across the sky. I''ll see what a mean deceitful priest. Eyes fixed positions ''ere the books particularly in you.',
        'armecary.png'
    );

insert into "BLOG"."SECTION"
    (
        "Id", "Number", "Slug", "Name", "Text", "Image"
    )
    values
    (
        3,
        3,
        'entertainment',
        'Entertainment',
        'Was skinned by his business was useless. Proper merchant had passed to overcome it importance, one admiring the rainy season but also worrying me, to deceive others a of elephants of anything.',
        'sunuchka.jpg'
    );

insert into "BLOG"."SECTION"
    (
        "Id", "Number", "Slug", "Name", "Text", "Image"
    )
    values
    (
        4,
        4,
        'science',
        'Science',
        'Fell silent until the friendship and worry, exposed himself he''s looking up here thought. Did and was prepared food and benefactors of dust, looked down right away like diving into face the, looking up gave advice received kindness towards death.',
        'verickal.jpg'
    );

insert into "BLOG"."SECTION"
    (
        "Id", "Number", "Slug", "Name", "Text", "Image"
    )
    values
    (
        5,
        5,
        'history',
        'History',
        'Smiling brightly the essential properties were getting lost. Someone always led away before whom else giving me, saw corpses stretched out in simple person of humans. Curious people businessmen warriors women nodded for it.',
        'verermag.png'
    );

insert into "BLOG"."SECTION"
    (
        "Id", "Number", "Slug", "Name", "Text", "Image"
    )
    values
    (
        6,
        6,
        'travel',
        'Travel',
        'Join youth he only we lived side by everyone, left by love from side by name the mouth. Meditation holding your house and used crude swearwords, aren''t any danger in a piece of offerings.',
        'ingtellu.jpg'
    );

insert into "BLOG"."SECTION"
    (
        "Id", "Number", "Slug", "Name", "Text", "Image"
    )
    values
    (
        7,
        7,
        'finance',
        'Finance',
        'False god it is his solid staff, according to wait any other one another. Thinking precisely like and hug his impending death.',
        'elkarias.gif'
    );

insert into "BLOG"."USER"
    (
        "Id", "FirstName", "LastName", "Email", "Pseudonym", "Password", "Phone", "Street", "City", "Code", "Region", "Country", "Company", "ItIsAdministrator"
    )
    values
    (
        1,
        'Rick',
        'Deckard',
        'rick.deckard@mail.com',
        'rick.deckard',
        'b-263-54',
        '+35 725 744 160',
        'Bridges Court',
        'Chipley',
        '3373',
        'South Dakota',
        'Haiti',
        'Derganc Channel',
        1
    );

insert into "BLOG"."USER"
    (
        "Id", "FirstName", "LastName", "Email", "Pseudonym", "Password", "Phone", "Street", "City", "Code", "Region", "Country", "Company", "ItIsAdministrator"
    )
    values
    (
        2,
        'Rachael',
        'Tyrell',
        'rachael.tyrell@outlook.com',
        'rachael.tyrell',
        'nexus-7',
        '+42 418 943 849',
        'Bektas Court',
        'Felt',
        '4884',
        'Mississippi',
        'South Africa',
        'Messier Store',
        0
    );

insert into "BLOG"."USER"
    (
        "Id", "FirstName", "LastName", "Email", "Pseudonym", "Password", "Phone", "Street", "City", "Code", "Region", "Country", "Company", "ItIsAdministrator"
    )
    values
    (
        3,
        'Arthur',
        'Dent',
        'arthur.dent@gmail.com',
        'arthur.dent',
        '42',
        '+39 616 449 322',
        'Cabaniss Alley',
        'Arabi',
        '2794',
        'Illinois',
        'Morocco',
        'Sherwin University',
        0
    );

insert into "BLOG"."USER"
    (
        "Id", "FirstName", "LastName", "Email", "Pseudonym", "Password", "Phone", "Street", "City", "Code", "Region", "Country", "Company", "ItIsAdministrator"
    )
    values
    (
        4,
        'Jonelle',
        'Fysh',
        'jonelle.fysh@yahoo.com',
        'jonellefysh',
        'upasOy5,',
        '+93 699 635 708',
        'Mcvay Boulevard',
        'Lamesa',
        '2956',
        'Pennsylvania',
        'Tajikistan',
        'Walston Club',
        0
    );

insert into "BLOG"."USER"
    (
        "Id", "FirstName", "LastName", "Email", "Pseudonym", "Password", "Phone", "Street", "City", "Code", "Region", "Country", "Company", "ItIsAdministrator"
    )
    values
    (
        5,
        'Trixi',
        'Chenoweth',
        'trixi.chenoweth@yahoo.com',
        'trixichenoweth',
        'Two.ortol3',
        '+29 231 986 504',
        'Olinyk Alley',
        'East Hills',
        '4851',
        'Arizona',
        'Kenya',
        'Dhillon Club',
        0
    );

insert into "BLOG"."ARTICLE"
    (
        "Id", "SectionId", "UserId", "Slug", "Title", "Text", "Image", "Date"
    )
    values
    (
        1,
        5,
        3,
        'somehow-happened-today-i-m-seeing-it',
        'Somehow happened today I''m seeing it.',
        'Sadness has remained in your great wise one, must follow that vice which so well. Asked many sweet drop laden with out badly.',
        'akholkau.jpg',
        '2008-02-06'
    );

insert into "BLOG"."ARTICLE"
    (
        "Id", "SectionId", "UserId", "Slug", "Title", "Text", "Image", "Date"
    )
    values
    (
        2,
        2,
        5,
        'willingness-to-suffer-i-find-a-single-cause',
        'Willingness to suffer I find a single cause.',
        'Ate other voices consisted in beautiful things, owned a mother''s boy became mute and spoke. Simply believed in tears he tried to relieve suffering, better for three years I knock at all, flesh and expectation that it seems to occupy them.',
        'atmennuk.png',
        '2011-01-10'
    );

insert into "BLOG"."ARTICLE"
    (
        "Id", "SectionId", "UserId", "Slug", "Title", "Text", "Image", "Date"
    )
    values
    (
        3,
        7,
        2,
        'afterwards-when-he-dreamt-of',
        'Afterwards when he dreamt of.',
        'Name of coming towards which one how rejecting, occasionally he could love seems to part from me. Somehow happened from them he encountered women. Fully understanding previously unknown interior the boy. Early pre-birth of money and rainy seasons passed rose.',
        'hosilala.gif',
        '2009-12-20'
    );

insert into "BLOG"."ARTICLE"
    (
        "Id", "SectionId", "UserId", "Slug", "Title", "Text", "Image", "Date"
    )
    values
    (
        4,
        3,
        5,
        'indignant-he-crouched-for-thinking-had-laughed',
        'Indignant he crouched for thinking had laughed.',
        'Always everything for giving re-birth to her, even every pilgrim stepped in vain fleeting pleasure, exalted the pike hungrily hunting for me. My father''s hut lay stiff legs greeting me.',
        'clemence.gif',
        '2000-03-11'
    );

insert into "BLOG"."ARTICLE"
    (
        "Id", "SectionId", "UserId", "Slug", "Title", "Text", "Image", "Date"
    )
    values
    (
        5,
        1,
        3,
        'mumbled-a-stop-him-came-he-dreamt-of',
        'Mumbled a stop him came he dreamt of.',
        'Previous lives of joy felt cold void, arrow-fast he love it earned him would get here. Name neither felt while bowing for finding, reached ears of monks are coming back. Knew that perfected one is turning quickly.',
        'adjiklas.jpg',
        '2011-04-15'
    );

insert into "BLOG"."ARTICLE"
    (
        "Id", "SectionId", "UserId", "Slug", "Title", "Text", "Image", "Date"
    )
    values
    (
        6,
        1,
        4,
        'fully-become-alive-the-merchant',
        'Fully become alive the merchant.',
        'Smiling face had eaten and audacious were one the, name is nothing about where the highest degree. At all agony of rice had grown pale cheeks. Merchant had started talking turned black ones, possessions what and superior to pile up in poverty.',
        'elokolau.gif',
        '2001-01-26'
    );

insert into "BLOG"."ARTICLE"
    (
        "Id", "SectionId", "UserId", "Slug", "Title", "Text", "Image", "Date"
    )
    values
    (
        7,
        7,
        3,
        'venerable-chiefly-his-impending-death-where-his-being',
        'Venerable chiefly his impending death where his being.',
        'Listened with him plunging a resolution to friend, down from where I don''t give me over. Opened the need to calm in me yet, that''s not without power made to friend. Smiled and welcomed him rejected him for her.',
        'verinhuz.png',
        '2006-02-18'
    );

insert into "BLOG"."ARTICLE"
    (
        "Id", "SectionId", "UserId", "Slug", "Title", "Text", "Image", "Date"
    )
    values
    (
        8,
        4,
        1,
        'her-gaze-asked-about-her-eyelids',
        'Her gaze asked about her eyelids.',
        'Ablutions the spectacle of kindness towards death. Nodded brushed his blissfulness did he lost again, deaf and acts let himself by letter.',
        'welecumy.gif',
        '2005-03-27'
    );

insert into "BLOG"."ARTICLE"
    (
        "Id", "SectionId", "UserId", "Slug", "Title", "Text", "Image", "Date"
    )
    values
    (
        9,
        4,
        2,
        'silently-spoke-for-this',
        'Silently spoke for this.',
        'Still dwelling on listening and worldly life, also a temple of ointments of monks. I''ve been lucky she thought these teachings, soul out a fool on so long, wanted for that began he belong to.',
        'ellottea.png',
        '2007-11-08'
    );

insert into "BLOG"."ARTICLE"
    (
        "Id", "SectionId", "UserId", "Slug", "Title", "Text", "Image", "Date"
    )
    values
    (
        10,
        4,
        2,
        'wound-blossomed-slowly-among-people-came-towards-perfection',
        'Wound blossomed slowly among people came towards perfection.',
        'There aren''t any sleep for sensual lust like foolishness, kindly spoke his thirst without money for a river. Sir intent to enter the clear-thinking spirit, and am starting out devoured up but they parted.',
        'ennockiu.gif',
        '2003-05-01'
    );

insert into "BLOG"."ARTICLE"
    (
        "Id", "SectionId", "UserId", "Slug", "Title", "Text", "Image", "Date"
    )
    values
    (
        11,
        3,
        4,
        'them-should-start-on-in-anything-of-truth',
        'Them should start on in anything of truth.',
        'Are submissive all his thighs and taught, against the house there''ll still passing him safe. Lacked nothing I followed him better than you need, your mouth on bed of noble were hanging down. Walked over that did we reach out a thing.',
        'eilhonia.jpg',
        '2015-02-24'
    );

insert into "BLOG"."ARTICLE"
    (
        "Id", "SectionId", "UserId", "Slug", "Title", "Text", "Image", "Date"
    )
    values
    (
        12,
        4,
        4,
        'won-t-feel-life-for-whatever-for-twenty-eight-days',
        'Won''t feel life for whatever for twenty-eight days.',
        'Well from living by thoughts just travelling, as this stone is becoming gray hairs among people. She''ll die said when I want you yesterday. What and nodded all teachers that terrible words exclaimed.',
        'derettek.jpg',
        '2002-10-08'
    );

insert into "BLOG"."ARTICLE"
    (
        "Id", "SectionId", "UserId", "Slug", "Title", "Text", "Image", "Date"
    )
    values
    (
        13,
        3,
        4,
        'language-would-like-life-of-spices-of-a',
        'Language would like life of spices of a.',
        'The eyes became almost none of questions, smile and talked to start over my glance. With friendliness every word it lying by speaking. This step behind its brow a golden cage.',
        'ahneggau.gif',
        '2013-01-25'
    );

insert into "BLOG"."ARTICLE"
    (
        "Id", "SectionId", "UserId", "Slug", "Title", "Text", "Image", "Date"
    )
    values
    (
        14,
        7,
        4,
        'but-never-listened-and-peace',
        'But never listened and peace.',
        'Softly and at sunrise they all I can learn, non-eternal things you''ll again though without stirring. Over in hot years and under her breast. Never talked to fill the name is. Will also went troubled into himself like you.',
        'arlideki.png',
        '2008-04-13'
    );

insert into "BLOG"."ARTICLE"
    (
        "Id", "SectionId", "UserId", "Slug", "Title", "Text", "Image", "Date"
    )
    values
    (
        15,
        5,
        3,
        'softly-and-has-gathered-no-sleep',
        'Softly and has gathered no sleep.',
        'Without doing so rich in good was necessary, full of transformations all lied it all, we''ll hear enough to think should be indeed. Sir always stand and places I knew, questions he slept that your son''s upbringing.',
        'royphati.jpg',
        '2010-03-27'
    );

insert into "BLOG"."COMMENT"
    (
        "Id", "ArticleId", "UserId", "Text", "DateTime"
    )
    values
    (
        1,
        8,
        2,
        'According to starting out that teachings. Yet which we search for her.',
        '2002-05-21 22:32:47'
    );

insert into "BLOG"."COMMENT"
    (
        "Id", "ArticleId", "UserId", "Text", "DateTime"
    )
    values
    (
        2,
        15,
        5,
        'I met even intended to bear, close to please you again. Travelled for children already progressed on hers.',
        '2005-06-25 03:23:57'
    );

insert into "BLOG"."COMMENT"
    (
        "Id", "ArticleId", "UserId", "Text", "DateTime"
    )
    values
    (
        3,
        14,
        1,
        'Sinner but to burning course no sleep, been threatened by what they me. Easily happen that among carters and evening, than you won''t make love.',
        '2008-02-04 11:03:54'
    );

insert into "BLOG"."COMMENT"
    (
        "Id", "ArticleId", "UserId", "Text", "DateTime"
    )
    values
    (
        4,
        12,
        4,
        'Wanted to avoid evil all she admitted. There disappointment then so leave you now, indeed was happy in you.',
        '2015-10-15 01:54:54'
    );

insert into "BLOG"."COMMENT"
    (
        "Id", "ArticleId", "UserId", "Text", "DateTime"
    )
    values
    (
        5,
        1,
        1,
        'As bathing performing the business, watched them but with in ear. My learned nothing except to teachings, I''ll never satisfied from foolishness.',
        '2004-07-20 19:00:24'
    );

insert into "BLOG"."COMMENT"
    (
        "Id", "ArticleId", "UserId", "Text", "DateTime"
    )
    values
    (
        6,
        8,
        1,
        'Wavered to ferry eager to friend, flesh and patience listening attentively to the. Carefully he let run along my forehead.',
        '2000-04-24 03:48:18'
    );

insert into "BLOG"."COMMENT"
    (
        "Id", "ArticleId", "UserId", "Text", "DateTime"
    )
    values
    (
        7,
        9,
        1,
        'Son laughed just a freshly cracked fig, goal attracts him satisfy me over.',
        '2014-11-07 07:59:10'
    );

insert into "BLOG"."COMMENT"
    (
        "Id", "ArticleId", "UserId", "Text", "DateTime"
    )
    values
    (
        8,
        7,
        5,
        'Slowly lose or on earth. Death here collected here collected by letter. Do so completely different goal.',
        '2012-07-04 07:35:21'
    );

insert into "BLOG"."COMMENT"
    (
        "Id", "ArticleId", "UserId", "Text", "DateTime"
    )
    values
    (
        9,
        8,
        5,
        'Having had still he will your work. Enchantment which admonished him teach me, left me are many verses exclaimed lamentingly. Ablutions nor waiting having a coconut-tree.',
        '2000-09-25 06:41:05'
    );

insert into "BLOG"."COMMENT"
    (
        "Id", "ArticleId", "UserId", "Text", "DateTime"
    )
    values
    (
        10,
        9,
        5,
        'Knew the lanes of yearning got here. After another person lose him dressed people, oldest our kind of worship, us to dust had found his father.',
        '2012-10-14 13:49:53'
    );

insert into "BLOG"."COMMENT"
    (
        "Id", "ArticleId", "UserId", "Text", "DateTime"
    )
    values
    (
        11,
        9,
        4,
        'We''ll hear my stomach learned a great, opened the rain that ferry.',
        '2007-04-19 04:31:20'
    );

insert into "BLOG"."COMMENT"
    (
        "Id", "ArticleId", "UserId", "Text", "DateTime"
    )
    values
    (
        12,
        7,
        2,
        'Always like humidity entering the wrong path. Apparently he slept on face had risen.',
        '2008-01-19 03:04:11'
    );

insert into "BLOG"."COMMENT"
    (
        "Id", "ArticleId", "UserId", "Text", "DateTime"
    )
    values
    (
        13,
        3,
        3,
        'Source murmured which these pleasures these teachings, this pain through enlightenment hit him, reached them came by letter. Willingness to win the ferry.',
        '2014-07-14 03:37:09'
    );

insert into "BLOG"."COMMENT"
    (
        "Id", "ArticleId", "UserId", "Text", "DateTime"
    )
    values
    (
        14,
        4,
        1,
        'Few he walked towards perfection, walking swiftly away another person. Wouldn''t force you want back for finding, looking at some kind with mockery.',
        '2010-08-06 02:32:23'
    );

insert into "BLOG"."COMMENT"
    (
        "Id", "ArticleId", "UserId", "Text", "DateTime"
    )
    values
    (
        15,
        7,
        4,
        'Willingness to picture these you again, continued to cast a dream. Softly and completely different from an.',
        '2006-08-01 14:00:21'
    );

insert into "BLOG"."COMMENT"
    (
        "Id", "ArticleId", "UserId", "Text", "DateTime"
    )
    values
    (
        16,
        7,
        4,
        'Both followed a blessing spoke sadly, but smiled at a bow of meditation.',
        '2005-11-06 21:59:13'
    );

insert into "BLOG"."COMMENT"
    (
        "Id", "ArticleId", "UserId", "Text", "DateTime"
    )
    values
    (
        17,
        2,
        3,
        'Shimmered reddishly in my own, want me again sun directly in him.',
        '2005-11-14 00:26:12'
    );

insert into "BLOG"."COMMENT"
    (
        "Id", "ArticleId", "UserId", "Text", "DateTime"
    )
    values
    (
        18,
        9,
        4,
        'Life isn''t forced him I''m repeating it, same place the cornucopia of that.',
        '2004-04-19 18:43:04'
    );

insert into "BLOG"."COMMENT"
    (
        "Id", "ArticleId", "UserId", "Text", "DateTime"
    )
    values
    (
        19,
        9,
        3,
        'Takes everyone who petitioned him asleep, shouldn''t I went into him unmoved, harmony knowledge shine at home. Bid his sympathy many words.',
        '2001-06-08 05:00:35'
    );

insert into "BLOG"."COMMENT"
    (
        "Id", "ArticleId", "UserId", "Text", "DateTime"
    )
    values
    (
        20,
        6,
        2,
        'Before on many years passed through enlightenment, another way you''re on water.',
        '2005-07-22 09:21:54'
    );

insert into "BLOG"."COMMENT"
    (
        "Id", "ArticleId", "UserId", "Text", "DateTime"
    )
    values
    (
        21,
        5,
        1,
        'Mumbled a joke or bored by speaking, whispered to reach his spot of talk. Laughed clearly as bright smile, interrupted him growing riches and taking shape.',
        '2004-06-05 20:24:34'
    );

insert into "BLOG"."COMMENT"
    (
        "Id", "ArticleId", "UserId", "Text", "DateTime"
    )
    values
    (
        22,
        4,
        3,
        'It''s a tendency to belong to, venerable father for there looked like them.',
        '2012-07-15 06:54:34'
    );

insert into "BLOG"."COMMENT"
    (
        "Id", "ArticleId", "UserId", "Text", "DateTime"
    )
    values
    (
        23,
        11,
        2,
        'Yet of wishing empty rumours, felt joy rolling like a voice. Rarely laughed in spite and from you.',
        '2011-01-21 23:56:26'
    );

insert into "BLOG"."COMMENT"
    (
        "Id", "ArticleId", "UserId", "Text", "DateTime"
    )
    values
    (
        24,
        14,
        5,
        'What teaches many thousands of. Thanked her tender bashful touch this behind.',
        '2000-12-08 15:24:36'
    );

insert into "BLOG"."COMMENT"
    (
        "Id", "ArticleId", "UserId", "Text", "DateTime"
    )
    values
    (
        25,
        7,
        5,
        'Evening with life of people can''t, my purchase had halted the mouth. Aren''t any guard his heart, he had no rich house for both.',
        '2005-10-06 19:47:30'
    );

insert into "BLOG"."COMMENT"
    (
        "Id", "ArticleId", "UserId", "Text", "DateTime"
    )
    values
    (
        26,
        8,
        4,
        'Loudly and wisdom from these words, somehow happened occasionally dreaming at it. Stood alone in fear he was, so now woken up he laughed aloud.',
        '2014-05-10 23:06:33'
    );

insert into "BLOG"."COMMENT"
    (
        "Id", "ArticleId", "UserId", "Text", "DateTime"
    )
    values
    (
        27,
        12,
        3,
        'Than rocks herbs flowers stream a hunter, well the doors of love. Mute gaze asked it so, monk in times a sleeping said.',
        '2007-09-08 04:14:54'
    );

insert into "BLOG"."COMMENT"
    (
        "Id", "ArticleId", "UserId", "Text", "DateTime"
    )
    values
    (
        28,
        1,
        1,
        'Have taken care very spot, pride flared up just his will meditate.',
        '2015-10-06 10:08:00'
    );

insert into "BLOG"."COMMENT"
    (
        "Id", "ArticleId", "UserId", "Text", "DateTime"
    )
    values
    (
        29,
        15,
        3,
        'Can stand that but since then, childlike people''s bread or fermented coconut-milk. Look every house and worry. His father for yours you''ll see.',
        '2010-08-24 08:16:29'
    );

insert into "BLOG"."COMMENT"
    (
        "Id", "ArticleId", "UserId", "Text", "DateTime"
    )
    values
    (
        30,
        4,
        5,
        'Opened his appearance in everything, speak them was himself despised.',
        '2013-11-18 03:22:48'
    );

insert into "BLOG"."SUBSCRIBER"
    (
        "Id", "Name", "Email"
    )
    values
    (
        1,
        'Sawaya',
        'rigby.hadaway@hotmail.com'
    );

insert into "BLOG"."SUBSCRIBER"
    (
        "Id", "Name", "Email"
    )
    values
    (
        2,
        'Magbee',
        'tani.gewell@outlook.com'
    );

insert into "BLOG"."SUBSCRIBER"
    (
        "Id", "Name", "Email"
    )
    values
    (
        3,
        'Oam',
        'alisha.bono@hotmail.com'
    );

insert into "BLOG"."SUBSCRIBER"
    (
        "Id", "Name", "Email"
    )
    values
    (
        4,
        'Arwakhi',
        'berrie.hubert@yahoo.com'
    );

insert into "BLOG"."SUBSCRIBER"
    (
        "Id", "Name", "Email"
    )
    values
    (
        5,
        'Sej',
        'leone.sterczyk@gmail.com'
    );
