CREATE TABLE `ARTICLE` (
  `Id` BIGINT UNSIGNED NOT NULL AUTO_INCREMENT, 
  `SectionId` BIGINT UNSIGNED NULL, 
  `UserId` BIGINT UNSIGNED NULL, 
  `Title` TEXT NULL, 
  `Text` TEXT NULL, 
  `Image` VARCHAR( 45 ) NULL, 
  `Date` DATE NULL
) ENGINE=InnoDB DEFAULT CHARSET=utf8mb4;

INSERT INTO `ARTICLE` (`Id`, `SectionId`, `UserId`, `Title`, `Text`, `Image`, `Date`) VALUES
(1, 1, 5, 'Another person until then wanted for joy.', 'Taught him embraced the random self still had aged he encountered women, I\'ll see everything could give him forced himself. Bowed touching him forced him about where I followed it, talking which seemed to which filled with fiery thoughts through life. Next person to suffer I was next person thus venerable teacher, since they got here in one had spread the venerable thus concealed putrefaction. That lessons in new life anew and his modesty the room.', 'goinavip.gif', '2013-01-28'),
(2, 2, 1, 'An elegant man which was.', 'Wants to trade showed this lovely it back home to friend, should eat this also belonged to destroy himself, so many ways he become exuberant won\'t feel the dust in your own path. Stood there young with high arcs above him none but a conversation from foolishness, time would ever harm yourself away before the stars of blessing to you.', 'ousimeca.png', '2005-07-04'),
(3, 2, 3, 'Soon as one and into words exclaimed lamentingly.', 'Gave the basics about knew himself mocking disdain of magic words behind and heard words, an assistant or fermented coconut-milk he played this behind which people own. Travellers the hands and rests but like it miracles in talking turned to enjoy and wait, wisdom was heading saw standing alone I recognise him. Fasting and smile he went on by it may go out, mumbled a second or had felt any women these things. Rest with other side he also appeared to go, stared into friendly manner just ready to ear and imperceptibly as these teachings my pleasure-garden. Times had stirred in and obtain a filled with.', 'ildearin.jpg', '2014-08-09'),
(4, 5, 2, 'Whispered quietly lamented quietly.', 'Much were two from old skin a me a proud self in one\'s thoughts, you\'re on and wishes he came back being and hardly perceived it, different as animals too much pain his own soul. Will you followers are always existed in tears as most holy year and often dark, thus the host the work for twenty-eight days, thing great teacher and wisest teacher for her. Yesterday wear a ship full he happened more willing.', 'owivanuj.jpg', '2003-02-09'),
(5, 2, 5, 'Accustomed to us monks in you.', 'As dust in fact there you write something for her, fell into suffering began the stone your plan, just lighting the feet knew to such feats. Wondrous detours it which guided me go to pretty, let\'s practise love without distrust destined for fifteen days. Followed a mother\'s funeral pile up and nodded his friend\'s advice but which are small advice, nothing the awakening already reached it laugh he who kept me they now no drunkard. Remained a farewell from he lay on red mouth with him.', 'ombralle.jpg', '2000-05-03'),
(6, 6, 4, 'Other turned back into this could no time.', 'Many thousands of boars of joyful source a profit he sat this behind, it often I\'ll think it rot the splendid. Too many teachers and waited for hours and hastiness, put it but become also can\'t help you should this deep in soul out a whisper, times stayed where his kind soft just waking up. Meditation was strangely awake the abandon the exalted, venerable father appeared by great wise one of its layers to teach. Exchanged humorous banter with great vomiting he even in such feats nothing there was like them.', 'Ardeenev.png', '2005-03-10'),
(7, 4, 4, 'Smart face eyes see everything.', 'Dreams for joy I would be true essence of sloth, courtesan bent down by urges and I been. Better for themselves and they followed him satisfy his separation from an ox-cart finds in confirmation, sir and disappointment then speak lovely thought and gamblers I do that. Touched arm away out what path by was followed a loss that I\'ve found, old man standing in teachings he punished by was sleeping said. Rarely talked incessantly it earned him something good journey away with this rumour a mouth.', 'uignichi.gif', '2013-04-28'),
(8, 4, 2, 'Distant spot his tale.', 'Simply believed his own life full he found neither perished from this once again, haven\'t heard him calling us eat gave no height any goals. Non-eternal things have read this exhausting and decided for yourself, we learn in times stayed there sky turned against its voice without home nowhere a path. But he\'ll turn the gesture every joyful love how still any or for what are wise, better than such hair is now you with respect. River when you\'ll see which would give him asleep. Waiting how could tell you lying and taught.', 'bosollic.gif', '2008-03-24'),
(9, 2, 3, 'Told that surpassed him having a whisper.', 'Greed from soil and villages to glance was newly awaking and drunk much longer, takes everyone in house locked the lands of joy this way. Their teachers since they got to your exalted teacher, you recognise that every physical manifestations all joy any passion in former times the many. Anxiety in holiness wisdom that you\'re seeing into face. Blossomed his speech not kid me live with life away like life hardly noticeable gesture, false god it importance they actually a pavilion where she controlled him wouldn\'t punish him.', 'emalbera.png', '2001-07-23'),
(10, 1, 1, 'Never something good days in thought.', 'Read a shadow rose bid him became understandable to bits by everyone. Wheel once heard its innermost truth had been. Bad people asked the most suitable day shone golden, owned locked the always good this wish went outside and cooked rice. Courtesan and changed a chamber where are destined to strive for both.', 'asyszyne.png', '2008-10-26'),
(11, 1, 2, 'Be useful to the.', 'Opened soul out in calmness shines a house locked the forest, truly the profits but she also perfected man. Example hadn\'t been abused soul slowly and effects, no teachings perfected was it became motionless listener to get around any sleep. Among travellers stay he went the meals on and pleasantly.', 'ebaguinu.png', '2015-05-16'),
(12, 4, 1, 'Loudly and flower of sounded sweet.', 'Though you\'ve spoken to time the moon was my heart, before I wished that she wanted to punish me over. Him calling us eat fasting nor dream he seemed like this, travellers felt them found for wealth the weird one helping the stranger to capture it. Image also still this his parched fingers and meditations and strangest of bark, yet also thank you never before any given. Wanted for yours you\'ll soon have slipped towards which they used crude swearwords, exchanged humorous banter with one dwells the evening his face. Perhaps have no for gods and cooked rice.', 'heuralbe.jpg', '2002-04-20'),
(13, 3, 4, 'Teachings my love them.', 'Fine oil in and distant high stakes that then so well, whispered a touch this smile of thousand monks in its brow. Held against hunger spoke of events with hunger would you know what, most as mockery had buzzed but you\'re awake the and walked on so much. Wavered to devour him weep petted his the bedroom\'s wall to hell than used crude swearwords. Most of nothing he where she saw song-bird in time while even and peace, lovely is dead jackal lay beyond on water thus new thirst. Suddenly had brought about noon and holiness of disappearance she realized the novices taken away, meditation of in learning from who at you well.', 'Alvertad.png', '2013-12-23'),
(14, 1, 2, 'Offerings from me to.', 'Gave her looking into a pavilion where I told him apart from death, heard it also lives of appearances not waste words, river stood silently into its secret art to utter a long time sought another merchant. Long while comparing it in deep fall asleep, turned all in thinking and spend the scroll which reminded him sad.', 'ebhanosi.png', '2005-12-07'),
(15, 6, 4, 'Walked over slowly he lay hidden.', 'Seeing a while bent over my dear friend, until it can also understand spoke sadly he cowered in thought and curious, opposite of birds he cowered in his service. I\'m telling me where she lay there young face, were accepted and just too many long a movement as thought thus the urge to beg. Sinner but he\'ll like life for thinking of, came to deceive others full height any more supple willingness my own path. Wheel of small children with other loving mothers nursing their travels not answer, may go on so long that aside and tiredness from one more word on foot.', 'ohidulyu.png', '2014-05-13');

CREATE TABLE `COMMENT` (
  `Id` BIGINT UNSIGNED NOT NULL AUTO_INCREMENT, 
  `ArticleId` BIGINT UNSIGNED NULL, 
  `UserId` BIGINT UNSIGNED NULL, 
  `Text` TEXT NULL, 
  `DateTime` DATETIME NULL
) ENGINE=InnoDB DEFAULT CHARSET=utf8mb4;

INSERT INTO `COMMENT` (`Id`, `ArticleId`, `UserId`, `Text`, `DateTime`) VALUES
(1, 3, 1, 'Tell him commit his eyes glistening, their thoughts of more I been willing.', '2007-06-28 22:17:36'),
(2, 9, 3, 'Hasn\'t it had come said, come into vapour and cooked rice.', '2006-12-09 09:28:59'),
(3, 8, 2, 'Distant high calling us by simpler means, spared from foolishness you be holy.', '2000-09-24 09:42:00'),
(4, 1, 1, 'Deeply he stopped he on bed, straightened up though he listened to speak. Interrupted him forgetfulness and grab him awake, goal was good for you.', '2015-03-11 01:28:53'),
(5, 6, 2, 'Dreams flowed any guard your plan, is breaking apart not knowing patient, himself that exalted one talked about words. What young fish with his worries.', '2010-01-03 01:28:21'),
(6, 8, 3, 'Will which roughly means of this, clean and I confess to teachings. While inhaling of joyful desire is full.', '2014-04-23 13:04:07'),
(7, 10, 2, 'There simultaneously which is this, salvation was rumbling hunger had shone golden.', '2012-04-22 10:25:03'),
(8, 6, 2, 'Of monks and offered him, you\'ll have stayed the perfection.', '2001-08-13 18:56:44'),
(9, 3, 1, 'Ah most holy source in grief, how still felt its voice sang.', '2013-09-26 13:24:27'),
(10, 3, 1, 'Time the urge to please not destitute, o he continued to cling him, near thus soul he conducts our business. Young walking in hut my destiny.', '2008-12-03 04:11:52'),
(11, 13, 5, 'Well upholstered hell than his, owned a light an oar in hut. Softly he will find peace.', '2010-06-19 20:18:42'),
(12, 7, 2, 'Rose near goals if time a, stone the hidden behind me.', '2000-08-25 12:45:27'),
(13, 5, 3, 'Bold is beginning with great secret, can understand him at our exalted teacher.', '2007-03-18 07:54:55'),
(14, 14, 5, 'Moderate living strongly tasted bitter. Occasionally that night here following him, us by thoughts to fast. Opened the fact that terrible words.', '2007-10-05 10:48:27'),
(15, 14, 3, 'Among girls the unpleasant ones taught. Ablutions nor thirst in return from suffering.', '2004-04-27 08:48:22'),
(16, 13, 2, 'Ran down with painful yearning got it, clean and golden bracelets over people can\'t. Where grew up here he asked.', '2009-02-24 05:08:21'),
(17, 1, 4, 'Today it therefore I knew. Wisdom was foolish game without reason why.', '2009-06-13 21:23:15'),
(18, 8, 5, 'Loudly clapped her she has existence, let run along the light by this.', '2001-04-12 21:46:16'),
(19, 10, 2, 'Sat in some mocking me, enjoyed his transcendent fiery eyes closed.', '2013-03-05 21:00:00'),
(20, 7, 3, 'Worry in their travellers felt, against teachings but suffering longingly it all, willingness my way of hunger to enlightenment.', '2009-07-24 04:14:50'),
(21, 4, 2, 'Fear so that mouth by simpler means, monk as one had also been hearing. Accustomed to enlightenment which filled with, let\'s practise meditation holding one\'s heart.', '2001-12-17 06:17:15'),
(22, 4, 5, 'Full he belonged together with. Late once a starry sky.', '2005-02-15 14:24:28'),
(23, 5, 4, 'Their joys of bulls of magic spells, continued to walk in thought. It cannot deny my refuge with defamation, farewell river going back inside.', '2006-02-09 06:22:51'),
(24, 3, 2, 'Accustomed to murmur within him dead face, up impetuously hunting for fishes this time. Distorted face the bananas in ear.', '2014-11-02 15:12:10'),
(25, 13, 3, 'Put me we parted like me over, everything to earthly things asked his face. Perhaps a little about you.', '2003-08-08 20:41:19'),
(26, 10, 4, 'Has also reached and modesty becoming a, mute and childlike face touched and beggar, willingness to commit his sleep. It\'s all of worship in thought.', '2012-03-03 05:23:09'),
(27, 13, 1, 'Indignant he felt death here on water. Moderate living according to devour him.', '2012-06-24 00:45:34'),
(28, 11, 5, 'Than I wished that this trip. While his part this to you again, do you had then said.', '2005-09-14 21:57:09'),
(29, 3, 4, 'Truly the beams of life, interrupted him safe from such jokes.', '2001-12-28 04:10:08'),
(30, 9, 4, 'Body like rays of misery, day when listening to speak.', '2011-12-03 00:24:11');

CREATE TABLE `SECTION` (
  `Id` BIGINT UNSIGNED NOT NULL AUTO_INCREMENT, 
  `Number` BIGINT UNSIGNED NULL, 
  `Name` VARCHAR( 45 ) NULL, 
  `Text` TEXT NULL, 
  `Image` VARCHAR( 45 ) NULL
) ENGINE=InnoDB DEFAULT CHARSET=utf8mb4;

INSERT INTO `SECTION` (`Id`, `Number`, `Name`, `Text`, `Image`) VALUES
(1, 1, 'Sports', 'Me the scene of day they not completely concentrated soul flew over all alone. Way which causes lie because we already reached a thinking is excellent one, sir and kept my resolution I could bring about rice had prepared beds of pondering. Rose stepped the boat got here following him, ablutions nor dream he informed the sacrificial songs said no. Down his equal or mold or do it are presenting the voice. Quietly looked like sand and deep inside the more zealously forced himself, friend you\'ve become rich house in house for riches also my reward.', 'aloNetas.jpg'),
(2, 2, 'Gaming', 'Down felt little old childlike face reminded him it she got some moments he exclaimed. Wisdom always increase it now starting again bowed touching his arms folded, join us accept my art well be effected by them without passion something about to her. To read in living with her she became scared on gods, turned to all joy any danger in himself and meditation had retired for its start over. Remained standing there still thus child-like and passion with more thing. Had admonished to these things is good health.', 'ettapade.gif'),
(3, 3, 'Entertainment', 'Tell the stream a moment realized that searching said tiredly, wouldn\'t take place more ugly whenever he laughed this though this realisation of pondering. Often dark waters and superior to punish me in love stronger was discovered by scolding, awakened as and also will be obtained knowledge shine on earth. Come with and trust I imagined some among the, love one half as wise man from his greeting me. World circling in all stay he went to them, non-eternal things you\'ll learn the just increased its title. Old and drank sweetly and wishes he gave the family of children with equanimity. Wound burned longingly it without a murky river sparkling from following day.', 'meronnop.jpg'),
(4, 4, 'Science', 'Like leaves others which the stood still all was worried for children joined his teachings, his depth of excess of rage and wait for twenty-eight days, always watched him don\'t harm yourself the pleasures these people did this day. Monk as any hurry and wretchedness he encountered women, nothing stung any women these days after each one there forest at you yesterday. Secretly he woke up water in agreement with, held him on him being given to convey and fears flowed from following day.', 'astavaDi.jpg'),
(5, 5, 'History', 'Oldest monks of contemplation washing clothes shoes they who flock of teachings, words he always moving on one would get on earth. Knew from it are on face having abused soul, accustomed to look did the eternity completely tasted and gifts for. Having had listened up gave no softness no sleep, man had longed to build an equal or third-hand information. But still remained alien something alien something very beginning.', 'uongeltu.gif'),
(6, 6, 'Travel', 'Lost jewelry lost a shadow ran the stone this ugly smart had changed. Him a stop him withered men were like sadly he shall become great secret from mine. Looking for help the great teacher the agony of sadness as far superior to new man, interrupted him mute gaze sought his guest greeted him even rice had neither meat nor self-castigation. Exclaimed indignantly but which contained in kissing which rich man, laughed this mouth close to war of human being smart is indeed have perfume in it.', 'hofareDi.gif'),
(7, 7, 'Finance', 'According to find in thinking that love him leaving monk stopped, life also sons of worship in everyone had gathered his only because to pleasure with it. Accustomed to proceed swiftly smoothly moving on she got here, on practising those features expressed in reaching the eleven-year-old was dismembered by fasting what we won\'t. Scent of water thus they shall live it.', 'Pakermah.jpg');

CREATE TABLE `SUBSCRIBER` (
  `Id` BIGINT UNSIGNED NOT NULL AUTO_INCREMENT, 
  `Name` VARCHAR( 45 ) NULL, 
  `Email` VARCHAR( 45 ) NULL
) ENGINE=InnoDB DEFAULT CHARSET=utf8mb4;

INSERT INTO `SUBSCRIBER` (`Id`, `Name`, `Email`) VALUES
(1, 'Freeburn', 'zaneta.sharma@live.com'),
(2, 'Larue', 'malinde.lytle@hotmail.com'),
(3, 'Kimball', 'mollie.dugas@mail.com'),
(4, 'Patwardhan', 'gael.dasilva@live.com'),
(5, 'Weckwerth', 'dahlia.caskey@gmail.com');

CREATE TABLE `USER` (
  `Id` BIGINT UNSIGNED NOT NULL AUTO_INCREMENT, 
  `FirstName` VARCHAR( 45 ) NULL, 
  `LastName` VARCHAR( 45 ) NULL, 
  `Email` VARCHAR( 45 ) NULL, 
  `Pseudonym` VARCHAR( 45 ) NULL, 
  `Password` VARCHAR( 45 ) NULL, 
  `Phone` VARCHAR( 45 ) NULL, 
  `Street` TEXT NULL, 
  `City` VARCHAR( 45 ) NULL, 
  `Code` VARCHAR( 45 ) NULL, 
  `Region` VARCHAR( 45 ) NULL, 
  `Country` VARCHAR( 45 ) NULL, 
  `Company` VARCHAR( 45 ) NULL, 
  `ItIsAdministrator` TINYINT UNSIGNED NULL
) ENGINE=InnoDB DEFAULT CHARSET=utf8mb4;

INSERT INTO `USER` (`Id`, `FirstName`, `LastName`, `Email`, `Pseudonym`, `Password`, `Phone`, `Street`, `City`, `Code`, `Region`, `Country`, `Company`, `ItIsAdministrator`) VALUES
(1, 'Rick', 'Deckard', 'rick.deckard@mail.com', 'rick.deckard', 'b-263-54', '+77 847 600 942', '98 Craghead Street', 'Tierra Amarilla', '3844', 'Illinois', 'Saint Lucia', 'Goulfine Point', 1),
(2, 'Rachael', 'Tyrell', 'rachael.tyrell@outlook.com', 'rachael.tyrell', 'nexus-7', '+19 543 403 454', '88 Rizewiski Park', 'Saint Johnsville', '3454', 'Hawaii', 'Laos', 'Pryszlak Media', 0),
(3, 'Arthur', 'Dent', 'arthur.dent@gmail.com', 'arthur.dent', '42', '+36 659 904 480', '18 Coghlan Lane', 'Grant Park', '6908', 'Oregon', 'Honduras', 'Iannozzi Market', 0),
(4, 'Yalonda', 'Rundstein', 'yalonda.rundstein@yahoo.com', 'yalondarundstein', 'hasi0naS*Co', '+59 721 258 533', '81 Crawley Avenue', 'McLain', '8526', 'Virginia', 'Taiwan', 'Andreatos Company', 1),
(5, 'Katha', 'Graessley', 'katha.graessley@yahoo.com', 'kathagraessley', 'Chit3r^Sax', '+96 170 334 827', '37 Bokanovich Drive', 'Clyde Hill', '1999', 'Iowa', 'Taiwan', 'Nabors Online', 1);

ALTER TABLE `ARTICLE`
  ADD PRIMARY KEY (`Id`);

ALTER TABLE `COMMENT`
  ADD PRIMARY KEY (`Id`);

ALTER TABLE `SECTION`
  ADD PRIMARY KEY (`Id`);

ALTER TABLE `SUBSCRIBER`
  ADD PRIMARY KEY (`Id`);

ALTER TABLE `USER`
  ADD PRIMARY KEY (`Id`);

