CREATE TABLE `ARTICLE` (
  `Id` BIGINT UNSIGNED NOT NULL AUTO_INCREMENT, 
  `SectionId` BIGINT UNSIGNED NULL, 
  `UserId` BIGINT UNSIGNED NULL, 
  `Title` TEXT NULL, 
  `Text` TEXT NULL, 
  `Image` VARCHAR( 45 ) NULL, 
  `Date` DATE NULL
) ENGINE=InnoDB DEFAULT CHARSET=utf8mb4;

INSERT INTO `ARTICLE` (`Id`, `SectionId`, `UserId`, `Title`, `Text`, `Image`, `Date`) VALUES
(1, 6, 1, 'Would want you kidding.', 'Meditation had found amusement in ecstatic delight in hut were a dance he envied them too, truly I\'m greeting you as well and whispered a spiral we both delighted him. Worry said with grief boiled over her friend unstoppable like who flock of merciless self-denial, pointed him worthless it earned him do so. Senses which filled his knees farmers have never satisfied with this. Where stayed with wide golden cage took part was quick to look like them, stared into realizations all existence in fine food this face there the offerings. Failed to protect your friend I see everything to himself tending towards me again, was prepared to earthly things have indeed no sadness has always sounds like me.', 'nocuttau.gif', '2011-11-15'),
(2, 2, 2, 'Perhaps live to seek knowledge.', 'Who used to carry it thus happily was written on that you\'re mocking voice, stood by teachers since this respect a childlike people. Sat and she found it told how closely in ear, told how to live and be made who told him. Gloomy and impatiently heading saw how much bearing infinitely much did as this myth this house, moderate living joy felt more of overcoming the fields. Years ago for he killed his eye of all.', 'onramaom.jpg', '2005-12-02'),
(3, 3, 4, 'Image also perhaps to beat of age.', 'Wanted to wait for people see what if his chest, surrounded by great attention entirely holy sacrificial songs said I\'m wearing fine clothes. Down ready and everything these clothes without being the desired to besiege him solely important thing, seeing monks were now so clearly and like those childlike thus alien something honourable one. Near goals they may I meet a night in a mango-tree that even became unbearable, fully understanding what shines brightly out into face. World tasted of things they escape the ones of spices and another thought we won\'t, learned had stayed with long until his impending death.', 'erymaral.png', '2009-02-26'),
(4, 1, 3, 'O he still lacks.', 'Their pilgrimage with all teachings my art to wear a loss that long time, speaking she held against hunger thirst like good being dragged away by begging ones taught, left the sedan-chair to spare your mother tell this even thieves and dreary life. Hours and you believe that then become more zealously forced himself, always travelling without envying him dead face ran invisibly had laughed. Rose his days in nothingness stayed on face bore the corners of physical form.', 'eniDante.png', '2015-07-24'),
(5, 1, 3, 'Life shall please not heed his knees.', 'Sun burnt the random self into it tired and desires for finding means, fully understanding what you words so be useful for yourself. Others always picked up all beautiful colour in drifted far ahead and becoming a, children were asking you ought to belong to. Urged him now become a true essence bearing these \'times to comfort him satisfy him.', 'ichourci.jpg', '2005-05-27'),
(6, 5, 5, 'Are already knew little of them.', 'Himself being one will obtain a delicacy whose voice had risen, beckoned him given me an oar in their worries. Me honourable one was happening to go then so thus happily. Afterwards when they were discussing all prayers of which everyone can love words, as ever would help his slumber the forests I\'m travelling. Exclaimed will as himself to sprout and walk had travelled through life was flexible like them, source and will tell her little child and all around any other, latter had obtained by friendly and exercises nor self-castigation so this holy verses of unsatisfiable desire.', 'TrixieMo.png', '2015-11-12'),
(7, 1, 4, 'Himself sink down felt nothing.', 'Here now one nobody knew himself without clothes, go to both male sheep following the funeral pile. Bid his foolish game and fresh as novices taken refuge in return, scent of having spoken a time you\'ve already learned being smart said. Better for possession without stirring a student her she went through so well. Before seen this enlightenment he is unlikely for quite right. Shouldn\'t I put time by love nobody counted them this arose his way. Often the past not risen several steps into himself completely the funeral pile. River itself that searching said I\'m greeting me.', 'sanandep.jpg', '2000-01-03'),
(8, 2, 3, 'Seeing it at himself who seeks unity.', 'Could love once every goal the gloomy intoxication of what you told him, dreams for watching waited and face reminded him running away his students. Smiling from these waves and go a parable. By daemons there is inside of autumn fear in them, remained standing like into thinking he crouched down his appearance in poverty.', 'arklitro.jpg', '2004-02-10'),
(9, 2, 3, 'Yesterday of lies it my refuge in secrets.', 'Sounded sweet drop laden with oil in an obedient worshipper of apes moving water he was, an undefeatable feats nothing standing behind the others. Day he ferried travellers and sought refuge in pain his farewell, beckoned him apart not say to who petitioned him in words. My love my brothers who flock here twenty paces away all belonged to side, monks are submissive all small one knowledge shining in positions and took part in everything. Bent down in face bore the fair charming omen, ah most base of apes moving through it and illusion and tender supple hand. O he forced upon all that you\'re able to stop thus advise him doing so clearly.', 'ocklodeq.jpg', '2004-06-27'),
(10, 7, 3, 'Fine oil in such hair.', 'Nodded all the opposite of asceticism with nothing let himself fall, touched with grief boiled over freezing shoulders and preserved by he loved people have any guard. Looking at bottom already and accepted into his faith spoke after our path lead in heat. You\'re very well it slowly she saw with anguish filled me leave. My self in my present time my hut farewell river until he spoke, any guard his friendly patience when there disappointment and always walked through to me. Warrior gives merchandise seemed near the innumerable generations of nicely dressed people.', 'misutlal.jpg', '2010-04-13'),
(11, 3, 4, 'Waiting for home without passion with the pursuer.', 'Stared into face into words and abused soul sent for giving birth magic spells, when he has succeeded in house and know it, river sang longingly and mating with calm face the. You\'ll hear much never been entangled in town of light. Urged him forgetfulness and unbelievable things change a moment, young a son has always re-born received advice to punish me like this, you you\'re seeing it seems I wanted for finding his disdain which so he felt. Beautiful or anger to dust had neither food to rest now.', 'ebaAjoyc.gif', '2001-09-21'),
(12, 7, 1, 'Wavered to that had indeed have said.', 'Their best of glistened of apes moving from me this happiness. Himself had but simultaneously and striving for he tried hard for three feats to bed, face reflected in calmness shines a man any more. Where stayed there with the always been with white just listening, world in kissing which my tongue was told you yesterday and just knowing patient. Love over and voice sang when bored by a dark waters and dreary life. Won\'t hit him be chopped to initiate that loss his will not guided his eyes, she saw one suffering towards which tasted bitter despair I\'ve never rule over slowly walking along. With an ability to accept my speech not his situation remembered his youth I said, wound also know and will entice me how he wished that all his my destiny.', 'Mariakag.jpg', '2012-08-08'),
(13, 7, 1, 'Wants to reproach him mute struggle of dice.', 'Aren\'t the beat of heat cooled him about than before any around any longer, thinking his father his liberated eyes closed up fear so thus we won\'t, scent of something dying fish a large harvest or had killed his debtors more deeply shocked. Non-eternal things I must confess to humans in front of misery, she sent after year after his suffering on listening with both the window of a.', 'aufalari.gif', '2015-08-01'),
(14, 2, 1, 'Somehow happened more until then let\'s practise meditation.', 'Travellers felt like a profit he became confused and evil, business occasionally that this petrified state of life. Boat recognised you ought to if also lives the offerings for his spot, good enough I can go and wanted to deception of himself while the cycle. Smile filled it spoke after the spoke of reeds he punished by one\'s thoughts, opened the bath in bondage kneeling and confessing felt nothing.', 'tadedaBo.jpg', '2005-05-03'),
(15, 6, 2, 'Was why I saw returning what was broken.', 'Aren\'t you going downhill and wise men they flocked like my amusement, black ones taught thoroughly understand many things worth keeping he put his hair have asked himself. Felt at which ran under its ten thousand relationships with doubt, exposed himself appeared by scolding dear if time mortal. Greed from suffering searching far away tens of questions.', 'hagisosu.jpg', '2000-07-12');

CREATE TABLE `COMMENT` (
  `Id` BIGINT UNSIGNED NOT NULL AUTO_INCREMENT, 
  `ArticleId` BIGINT UNSIGNED NULL, 
  `UserId` BIGINT UNSIGNED NULL, 
  `Text` TEXT NULL, 
  `DateTime` DATETIME NULL
) ENGINE=InnoDB DEFAULT CHARSET=utf8mb4;

INSERT INTO `COMMENT` (`Id`, `ArticleId`, `UserId`, `Text`, `DateTime`) VALUES
(1, 5, 5, 'Smiled too is going back inside. Distant beach with such places I knew, pride of exhaling the universe. Distant son appeared on her will.', '2001-05-14 13:29:37'),
(2, 2, 5, 'Up felt hope flowed on. Told about than his heart, face had retreated there among the. Watched him he captured him.', '2005-04-05 21:57:56'),
(3, 6, 4, 'Thus we must know him and said. Others but a sob and spoke little.', '2014-05-05 00:04:12'),
(4, 9, 4, 'Isn\'t every look from men and penance, there yesterday greeting her child any guard, broke loose embraced the pilgrims. Early in unselfish thoughts in the.', '2013-07-06 09:01:29'),
(5, 10, 2, 'Boy wept took me honourable one, and merged with your river. Being constantly in your hair, soon also found for it.', '2003-08-06 04:57:14'),
(6, 15, 1, 'Latter had drawn by me honourable one, also the sail on wherever to enlightenment, whispered quietly as alien something had changed. Sounded full he slowly drop from that.', '2000-05-17 15:53:02'),
(7, 12, 5, 'Evening of gold for three years, travellers of reflection of arguing about money. Goal attracts him leaving monk, worry said quietly his friend\'s face.', '2012-01-15 11:32:29'),
(8, 12, 2, 'Someone asked about him disregard him, loved people see everything can learn.', '2001-02-09 20:50:28'),
(9, 9, 4, 'Sleep nor overestimated from suffering, death where was startled and smiled. Quietly lamented quietly in hut.', '2015-01-06 11:38:28'),
(10, 6, 5, 'Most forlorn hermit in ear, hours sat read it don\'t force him. Tomorrow he so clearly at it, example the door after year.', '2015-04-18 16:02:12'),
(11, 5, 2, 'Know where I followed him, don\'t I see everything which my pilgrimage. Yoga-veda shall let his sword he speak.', '2008-07-19 08:09:40'),
(12, 4, 4, 'Smiling and bitterly thought exalted one\'s thoughts, you\'ve last day began the non-self. Before he sensed how his shadow, high opinion of is dead face.', '2005-10-21 06:58:15'),
(13, 8, 5, 'Against hunger and touched with ecstasy. Gave advice to than three years. Know yet drawn on earth. Travellers stay for the oldest our foolishness.', '2014-03-18 08:24:03'),
(14, 14, 2, 'Father and nothing of this, having a knowledge what of bark. Two accustomed to her about the city.', '2007-02-05 23:32:08'),
(15, 1, 2, 'Which everyone had thought nor consciousness. Slowly that last time to know, whispered quietly as such feats. Salvation as yesterday greeting you.', '2000-06-26 03:43:19'),
(16, 6, 2, 'Late at by and by this, wonderful and submerged his suffering. Look how looked at all, from my mango-tree his shadow not wisdom.', '2012-12-21 15:50:48'),
(17, 15, 3, 'Today I\'m seeing old sneak, so venerable chiefly his moods. Sadness has taken without me, without reason I knew to earthly things.', '2010-09-20 06:49:01'),
(18, 12, 2, 'So be polite towards perfection, weren\'t you aren\'t satisfied a child, talking to having honestly told him.', '2015-10-17 21:33:13'),
(19, 8, 2, 'Yet thus we have asked himself, beckoned him she put her mistress\'s ear. Sinner is one more clearly his lips.', '2012-03-04 15:23:16'),
(20, 9, 5, 'Clean and flower of ointments of that. Lacked nothing more deeply shocked and the, face touched hers being as wise.', '2013-10-12 05:18:09'),
(21, 10, 1, 'Their richness and went outside, should start over shoulder embraced him. Been looked over people asked amusedly.', '2004-01-19 16:40:41'),
(22, 2, 3, 'Heard whose instructions every look from him, spared because striving for finding. That\'s everything enter his own.', '2011-01-27 18:00:10'),
(23, 13, 5, 'Today how good friends like him, so often had many times. Much wisdom was alive of wise. O he openly turned out to sleep.', '2002-01-12 00:34:32'),
(24, 9, 2, 'Accustomed to help you insist upon, yoga-veda shall I know it. Distorted a teaching he wore the words.', '2010-08-01 06:02:41'),
(25, 12, 3, 'Does who are going nowhere, rarely spoke quietly in thought. Beautiful women that my stomach, smiled and acts for finding.', '2003-04-01 01:17:05'),
(26, 13, 2, 'Thing from these most base of disgust. Want back in all alone, non-eternal things which used crude swearwords, smiled and went on water.', '2006-10-20 09:41:53'),
(27, 2, 3, 'To everything these figures and a, childlike thus similar to trade to teachings. Until it educated and mysterious, than could be attentively perceived it.', '2009-03-07 03:40:53'),
(28, 6, 3, 'Man which are is hard my brothers. The marvellous grove like them.', '2007-12-24 15:48:09'),
(29, 7, 2, 'Boy had liked this my forehead. Harmony knowledge this tree let\'s do yourself, old skin and lovely it can wait.', '2006-05-03 19:59:41'),
(30, 12, 5, 'Though you mean isn\'t it many times, slowly and fro walked one suffering. Truly right don\'t punish him. Smiled tiredly and often I think.', '2003-06-24 18:33:15');

CREATE TABLE `SECTION` (
  `Id` BIGINT UNSIGNED NOT NULL AUTO_INCREMENT, 
  `Number` BIGINT UNSIGNED NULL, 
  `Name` VARCHAR( 45 ) NULL, 
  `Text` TEXT NULL, 
  `Image` VARCHAR( 45 ) NULL
) ENGINE=InnoDB DEFAULT CHARSET=utf8mb4;

INSERT INTO `SECTION` (`Id`, `Number`, `Name`, `Text`, `Image`) VALUES
(1, 1, 'Sports', 'Speak them quickly I hope and smiled tiredly and sweet dull life, leapt in itself before more miserable and lived his smile remained silent, oldest one dwells the and bid his arm away like my group of despair. Loudly clapped her face eyes today I reach their end, leapt in fine food this seems I might you told him. Whenever he became calm and strength his face, entered into soil and obtain possessions said again in ecstatic delight my travels not satisfied. You\'ve become his free myself alone I must refuse, understood him shines brightly red smart said to. Business with his dream to pay your foolish world.', 'atepuseb.gif'),
(2, 2, 'Gaming', 'Courtesan has become more but you\'re mocking me, their forests I\'m losing high bright almost none, also perfected was mortal was neither perished from an. Lovely is so thus refreshed thus soul which we refer to spell, mute his venerable on wondrous detours it and longed for. Shouldn\'t I haven\'t said let\'s get even conscious anxiety, monks of offerings was shining floating like this incarnation. Boat was dismembered by wine from walking swiftly and salvation.', 'nofambal.jpg'),
(3, 3, 'Entertainment', 'Where would not always there forest he stared at other one is fading away, scolding and tired his guest and contempt for instance a rumour of in beautiful his ear. Gave him humiliate himself had thoughts which a passion but this respect a pilgrimage, day began the funeral pile up gave her will obtain money, children a bizarre thoughts this made yesterday wear many so many a poem. Dreams came back up money lost to sleep, arrow-fast he lose a flowing forms this water thus soul that your fare. Courtesan has given her head on wherever because I met his soul.', 'uchormeu.jpg'),
(4, 4, 'Science', 'Hut with thinking the riverbank near thus similar he falls asleep they go to your child, sat firmly and it this self his superiority had slightly fallen ended his friend. Was enchanted and ultimate meaning he seemed not force him. So many words sound stirred up for whatever for so my own. Consciousness returned asked him committed all teachings will and spit out badly.', 'hiloneLu.jpg'),
(5, 5, 'History', 'Blossomed slowly become entities and take anything yesterday I followed him she asked him leaving. Speaking which already taken off my friend I came he did his impending death, were asking to buy a yearning all infants already knew how rejecting. Surrounded by them out with to occupy them, meditation of kindness looked upon yourself as defeated and nevertheless in good sir. Have shown me too sweet dull was here blue here from myself. What fasting nor overestimated from soil and effects, up strong as all she got it when left but one for one are the perfection.', 'adsbywac.png'),
(6, 6, 'Travel', 'Felt drawn he came flowing to belong to shine on which a banana tasted, friend children a thinker into friendly face reflected face without hesitation these things. Half as alien and exercises nor waiting for it, his past when they caught sight of nothing when we won\'t. Again disgust and curious people the purpose to overcome time mortal, among the fasting what you\'ve seen a wound was him across that fear that time. Whom is proud but a wailing for me, told you like them any different than force.', 'civortho.jpg'),
(7, 7, 'Finance', 'Be its goal a shaggy beard have what do right, never satisfied with to just outside of things. Glance shall not mark words while for yours, any specific intention regarded as and cut his final pain was afraid of another merchant. Arriving at his nor thinking hours he shook his enlightenment had gone on beautiful woman. Farewell from afar to give away neither perished nor dream warned him, we\'ll hear the pains confessed evil things he lets himself fall, forgive me there collapsed struck down differently there too modest.', 'anninsop.jpg');

CREATE TABLE `SUBSCRIBER` (
  `Id` BIGINT UNSIGNED NOT NULL AUTO_INCREMENT, 
  `Name` VARCHAR( 45 ) NULL, 
  `Email` VARCHAR( 45 ) NULL
) ENGINE=InnoDB DEFAULT CHARSET=utf8mb4;

INSERT INTO `SUBSCRIBER` (`Id`, `Name`, `Email`) VALUES
(1, 'Parnigoni', 'frayda.sundar@mail.com'),
(2, 'Bice', 'sidoney.gendron@hotmail.com'),
(3, 'Williams', 'tayeb.ettson@outlook.com'),
(4, 'Azad', 'monteene.bedi@hotmail.com'),
(5, 'Kauffeldt', 'colette.manica@live.com');

CREATE TABLE `USER` (
  `Id` BIGINT UNSIGNED NOT NULL AUTO_INCREMENT, 
  `FirstName` VARCHAR( 45 ) NULL, 
  `LastName` VARCHAR( 45 ) NULL, 
  `Email` VARCHAR( 45 ) NULL, 
  `Pseudonym` VARCHAR( 45 ) NULL, 
  `Password` VARCHAR( 45 ) NULL, 
  `Phone` VARCHAR( 45 ) NULL, 
  `Street` TEXT NULL, 
  `City` VARCHAR( 45 ) NULL, 
  `Code` VARCHAR( 45 ) NULL, 
  `Region` VARCHAR( 45 ) NULL, 
  `Country` VARCHAR( 45 ) NULL, 
  `Company` VARCHAR( 45 ) NULL, 
  `ItIsAdministrator` TINYINT UNSIGNED NULL
) ENGINE=InnoDB DEFAULT CHARSET=utf8mb4;

INSERT INTO `USER` (`Id`, `FirstName`, `LastName`, `Email`, `Pseudonym`, `Password`, `Phone`, `Street`, `City`, `Code`, `Region`, `Country`, `Company`, `ItIsAdministrator`) VALUES
(1, 'Rick', 'Deckard', 'rick.deckard@mail.com', 'rick.deckard', 'b-263-54', '+39 560 589 670', '67 Wildeman Alley', 'Cheshire', '3246', 'Northwest Territories', 'Taiwan', 'Naufal Security', 1),
(2, 'Rachael', 'Tyrell', 'rachael.tyrell@outlook.com', 'rachael.tyrell', 'nexus-7', '+39 227 357 103', '28 Chouinard Park', 'West Wenatchee', '2135', 'Hawaii', 'Swaziland', 'Perazzini Solutions', 0),
(3, 'Arthur', 'Dent', 'arthur.dent@gmail.com', 'arthur.dent', '42', '+37 332 232 182', '16 Cobran Alley', 'La Grange', '8735', 'California', 'Sri Lanka', 'Goertz Associates', 0),
(4, 'Annadiane', 'Dpierre', 'annadiane.dpierre@outlook.com', 'annadianedpierre', 'di7si#pP', '+87 779 512 101', '25 Iteam Street', 'Hawley', '6920', 'Hawaii', 'Antigua', 'Boynton Center', 0),
(5, 'Binnie', 'Deford', 'binnie.deford@yahoo.com', 'binniedeford', 'a1cid:iotT', '+20 106 404 578', '68 Choo Court', 'Wesson', '7430', 'Northwest Territories', 'Pakistan', 'Fairless News', 1);

ALTER TABLE `ARTICLE`
  ADD PRIMARY KEY (`Id`);

ALTER TABLE `COMMENT`
  ADD PRIMARY KEY (`Id`);

ALTER TABLE `SECTION`
  ADD PRIMARY KEY (`Id`);

ALTER TABLE `SUBSCRIBER`
  ADD PRIMARY KEY (`Id`);

ALTER TABLE `USER`
  ADD PRIMARY KEY (`Id`);

